Handle,Title,Project,Sentinel satellite timelapse,Address,Latitude,Longitude,Owner,Users,Investors,Construction companies,Energy companies,Current H100 equivalents,Current power (MW),Current total capital cost (2025 USD billions)
Amazon Canton Mississippi,Amazon Madison Mega Site,Project Rainier #speculative,"[{'id': 'atteIsn2EcnSUJMCI', 'width': 512, 'height': 512, 'url': 'https://v5.airtableusercontent.com/v3/u/48/48/1767441600000/RJR1t04uvLNCinq5ZdasUg/rvPDj_nLM6cm1fhoa_8ogRxcLu28zhsXsBvL29jmJEQs_BLfKRCLRz9Fvfe2vZ57ZRt4OJUwWwAFKeS5MY-kZOh-u9CT6h_Wilgokq_5VtqJRp5KSCPQkuIyV2ig8HAtEz5XHpPRJ4Zbr-RTnZRdbS6VUR21EyBFq_l69pBnBO1ulLxR_ea0a1Nqn9f0deM-uFVwWUw2KKqu-UTn0D3N6g/_HDTCZRLBA4SMX2gYNr9Ogmu1sy7mJ3bMR0jYQBuMFg', 'filename': 'tightened_Sentinel-2_L2A-167256888594227-timelapse.gif', 'size': 6841872, 'type': 'image/gif', 'thumbnails': {'small': {'url': 'https://v5.airtableusercontent.com/v3/u/48/48/1767441600000/GFkjesOnv_7Z7co8DEp7-w/1OFHNqeDWczVvpNP_eloYyQYMMa_a2HxQiUeILm6--UGlYBJOQ8WatkSkbFvVubJ2NsmUWmq64Lp6nU-UC3oAtYWrYdehKYZTYRCqG534Tx4LRnI4BGbTcpDzxJokpVLhzqrUguk1mTbNmncH1_1gA/t5nJ6DYAN9sPvpx1yhSQgcpN_uWjo7bDErax4gERGnw', 'width': 36, 'height': 36}, 'large': {'url': 'https://v5.airtableusercontent.com/v3/u/48/48/1767441600000/Ibl7nuqSrMVN78h4fLD8yA/NU8EyNQ4sfSY8ewW429kzXmRikJOIiAY2W1hB2o8lqhtEU0WA8Uw3cUEmGFR1AvcPo77Xgla9lDb7fk-7l6rYDHzLnTfCCCoQF-QH0xXBaMc8cp8ctLhMx8i4D3TW-r4tJZNRiCX_kGR8OLMzp33LA/4G_N_LL9Z39u6aZ5jA3LipsEugljQmIa_XewWdEk2Ak', 'width': 512, 'height': 512}, 'full': {'url': 'https://v5.airtableusercontent.com/v3/u/48/48/1767441600000/bOk8Xxx0GINv4d-KolbjTw/nH5GoSdkocEAlbtVkP3YDD6Ei0XFlJtytDDu0nKFa2YxQT-niPLDr22zh4QnNEb2DinUxaxVG1yGY5Hl5-Bb_KBKefs5x_ZHXIVgeKsFdIcHbCB80FaHc0HhiKLO6c82mkPE2aPM96FXGJTW3CL6HA/3Lf8dWAtdcDAfRE96r7zNz9u86utdMQ_ofXa16qmFIk', 'width': 512, 'height': 512}}}]","Amazon Data Services Inc, Madison Mega Site Nissan Parkway and Highway 22 Canton, Mississippi Madison County","32°35'25""N","90°05'35""W",Amazon #confident,Anthropic #speculative,,,,214348.14354550533,341,10.894283791
Amazon Ridgeland Mississippi,Amazon Ridgeland,Project Rainier #speculative,"[{'id': 'attYoPvBtA5CoXEUh', 'width': 512, 'height': 512, 'url': 'https://v5.airtableusercontent.com/v3/u/48/48/1767441600000/1iGi8QScZLvnxkI0aQ4Crw/b-I4ClM_gTLBY1ugaq_47tKl-goWg8vWmFuoJOJLRoxKpQMDoaTgewGoqxFy_NZpedw9VfCyS5XOhT0mH38AtzUU7_9939KcWsuLbBh9XmnUikbRugkwQTapvA7ToaqikPF7Ga1315xDJHmKt-qEi2R_okDvMnmNRDv3PACESTMg9ywKn6CxdNeU3lrx1YqHIQh17r8ResoZXwRmLoKtx8oUvDeuCFezLLy6rdfz80Y/PCtq29h_9Q_xrj9IA4cIDH-Jo5uvwBDj_cPZDuv0zZo', 'filename': 'To_2025-09-21_Sentinel-2_L2A-1477979417163827-timelapse.gif', 'size': 5778513, 'type': 'image/gif', 'thumbnails': {'small': {'url': 'https://v5.airtableusercontent.com/v3/u/48/48/1767441600000/k6z4UiCWfVA8k4BXHc53rQ/ZFcKHM5tEdHllsHaRgyhd60yL_PB3wDya94w-aF2T4YQDNEc-UgU2tKyTDHgL872ReJv4zcyQXChmUaqdVSAJ7Gl1YeZpjASw-zsDDBInv6LDi-_jZzHlDuFhb44vDcbKdhkLa-pk7zPHkotV2krrA/LYjeEv2ALeIsTY_saFtPsNBDLKeQpV0ZOBt7tAXu2Yg', 'width': 36, 'height': 36}, 'large': {'url': 'https://v5.airtableusercontent.com/v3/u/48/48/1767441600000/QjBJPkdl2Mti-bHZrp2oeA/qO5bw6Zz5yuzJIoCtsZnnWbFhqQ4lCZ_Z_pYKdGJQ7qhJssg3W32ZAlXei38f48UyO8ue19lq2BwPwwzBOwQWSTduXv0y3uiI2WW4OOapB3RXu1031JJL8drqS7anz9Ibse5k4nma8eHHFuKyBFMvw/O0DIv4s1arHQ3xDH6h4p0-paC_Jj5fGgoNpfnMXpryY', 'width': 512, 'height': 512}, 'full': {'url': 'https://v5.airtableusercontent.com/v3/u/48/48/1767441600000/GFUeE5mmAnp2A6HuZS59hw/MToJCeHY-xU6UpZGfbqolYL0JGRMFast2VAhUX2f5t3UQXJceh7qR0lOuy490AqbGja_icjzrcWgAtpj6u8tJZnRoAJQSRs1koQVLD7AnNLSpa9zrF62kKWyIUa5-Q9jpMgUeYqkyDhwWZ5E2y_IIQ/UrQxfrCsBDlPUlGAt8gv_h8QwgBE2JWkGb0F4Y4ruFA', 'width': 512, 'height': 512}}}]","1626 County Line Road Ridgeland, Mississippi","32°24'00""N","90°12'12""W",Amazon #confident,Anthropic #speculative,,,Entergy,0,0,0
Anthropic-Amazon Project Rainier New Carlisle Indiana,Anthropic-Amazon New Carlisle,Project Rainier #confident,"[{'id': 'attzRv49wzPJAeNy2', 'width': 512, 'height': 512, 'url': 'https://v5.airtableusercontent.com/v3/u/48/48/1767441600000/3P69ro4hy7UvqY3xaTqixA/PfqEX9c1kKHURfKQjYVrc2H9c0t8_LCRGFXlHCkCO5UjuzYly8lvHFsyL2iTlDk9EF_xy50bMA9cmHwf9sFNEdrR1Thnw5OeRSKuT39O3RLAqEfPON44TqmwlyadB_NIJE4CNNjzGDIh3u8kAaeqH_WH9FK4NU0AJewrzcbHjkU1feDbacXfBu972BIGtxxdNssh16UocL1M9eiZr8rwQA/auvU667wyc5CImZeSbLs46LOIxavaeCov0XeKzAAJEs', 'filename': 'Sentinel-2_L2A-234846397522787-timelapse.gif', 'size': 11672356, 'type': 'image/gif', 'thumbnails': {'small': {'url': 'https://v5.airtableusercontent.com/v3/u/48/48/1767441600000/7x6Q7KRh1eXDSLdvn-99lg/cfhlyp4MHguL7q3_GvhXCvqf8F29v2psyucGT7mDRW4ZIy_12u1RC2U3YcOVfclIWtzhHErOZIzifHuLZDHCxHhWFcPjl0E2GFuVJbhB_UmaSyvq95WTG5aPZ0GRTl9loujkH4bSOQwpHyJr3oZ19A/hlD8r-sHJv0Wx50YXBef3oPUeS8j9cMxJh6KZu8bDrs', 'width': 36, 'height': 36}, 'large': {'url': 'https://v5.airtableusercontent.com/v3/u/48/48/1767441600000/jgpx16jD2ENJHHXilu5stA/TK30mGhn_R1VwuapezXh5Glx2_EtNdDXz05uSeMBsRZ2BwXLcbyJHeq-JOp1lhGr8ihtbLUabpE62z1NKuiKrkQByWp05IcL3Oj8cfeozQDyW0tshmoDu0A_ELVvNaGe3eWPZtUMKf8b60bfWbK7AQ/hTXKP0YLjM45vABInVbrgF9xw_jRAQd1j7Q7aaTp_rE', 'width': 512, 'height': 512}, 'full': {'url': 'https://v5.airtableusercontent.com/v3/u/48/48/1767441600000/gQ-i5nOJPZkHMhkwQ_WKfw/wZgLMzvJL03eR_MrRaOo4oG9eW2MMLB-zJgdGC8U7vq2zbXunRGxEHLZAa7rqEl6kRSLZkujOx9z9RSSceTl51YtVP86CkN3pGDZYJ1OaBsBHowTAFbdg1x-shvV_WDtzrxny3OQt6LP-hyuixwblw/97yB1VBSpDalUX9T9wH_mhnaoTXFRRchSdtx5dqNZHU', 'width': 512, 'height': 512}}}]","55001 Larrison Blvd, New Carlisle, IN 46552","41°41'36""N","86°27'39""W",Amazon #confident,Anthropic #confident,,,,471565.91580011166,751,23.967424344999998
Crusoe Goodnight Texas,Goodnight,,"[{'id': 'atttrH9i0Se5OmaYM', 'width': 512, 'height': 512, 'url': 'https://v5.airtableusercontent.com/v3/u/48/48/1767441600000/Wb8AH9ZMC71GDa0jvkJfcg/0NH8IBWo5z9X78noWg7aUT0NhP0V5SrQ6yqHeo3yAvTtHZlhGwIPJLy100FbQgzKWoq7cH6vuYzdolNG9EdtzWNe11gIFXAnIEGaYG_TkGHTep8A5B4b2HcGoRwLu_Yl7T90KZSr49TqynOTlQ_dSsVSnQicHAQbwMU974TFZu9NYp1KV8d50boPLAAsL7QTw4zb0OO6JpTt0KWOoC_ZdQ/cxef_2k2tnKbtPMhCQNqTy6PIWLV6PknRvJUNCmsmWU', 'filename': 'Sentinel-2_L2A-1557297591302306-timelapse.gif', 'size': 5195136, 'type': 'image/gif', 'thumbnails': {'small': {'url': 'https://v5.airtableusercontent.com/v3/u/48/48/1767441600000/SfjMrcY8wxdtmxotakpDIQ/LouFrVBqGkHXy-TT6jV-QqHwN-VzPJ05mukEmWQmDhgl08BboSoJ5fvDR3dNb-hsJxDveXx9q1gaVanTTt8jRjmP-EDXqqf1e1yVQgKdqE-l-UG3wvFCm36O_n0-C4AOIcEDgvREy5nf4xd6j_Yxyw/hdHOAvLCqT-Rkp-FPPNFrHiL2OJqtaGQ5t2betRMAWE', 'width': 36, 'height': 36}, 'large': {'url': 'https://v5.airtableusercontent.com/v3/u/48/48/1767441600000/jqSYllpmVfTPhGBDKxPLTQ/wuP8mb1PqWiy5GNVucmB7J4vJm-Od8iQQq_vkOXWD3GarFeIhi-TAnPoRUdkJekekMf_2qTFST9YTaMKp3Cntk91mwBrNDjA2_5Os5Y8ZFmqVMuc10LjOL_cGx3N1wpVZDM8ty7bDBZZFi1w3HyxFQ/yxZkA9Fu-xdTYgEdpt5r55v_6400E6rmgx_xV74qCvg', 'width': 512, 'height': 512}, 'full': {'url': 'https://v5.airtableusercontent.com/v3/u/48/48/1767441600000/7MYC1jYEV4Rgplrg-6Sw5g/g4kAnNF1Ox7W9tLlumem2saJnLzObTeM-qHw_oWDKg60OA7r3jbKMw22IgJC5nh5zAKlQ7M66M3FOxnzyw8ReYlT_JLjkdQxnGVMkpRl-WkrSMkSeCEcdMVftK5rK4iL_hGcOlhs-kxQlgRd_B21YA/YWPk3d03f3JxuBcaw0RNsrZZOqKSFEJ80_hWRcJx8Zk', 'width': 512, 'height': 512}}}]","10001 Lima Rd, Claude, TX 79019","35°01'01""N"," 101°18'43""W",,Google #speculative,,"Crusoe,Hoffman",Serena,0,0,0
Google Pryor Oklahoma,Google Pryor,,,"4581 Webb St, Pryor, OK 74361","36°14'28""N","95°19'50""W",Google Cloud #confident,Google DeepMind #likely,,,,62850.85929174836,195,6.210991749
Google New Albany Ohio,Google New Albany,,,"1101 Beech Rd SW, New Albany, OH 43054","40°03'40""N","82°45'51""W",Google Cloud #confident,Google DeepMind #likely,,,,235425.9073825735,543,29.12235094
Google Omaha Nebraska,Google Omaha,,"[{'id': 'attivT1L3vumHUfZq', 'width': 512, 'height': 512, 'url': 'https://v5.airtableusercontent.com/v3/u/48/48/1767441600000/ca3B28OISSuiUnXTzDrdxw/b46wIE2oo7rHujynXdL78YfHsdJjgaQP5Jj86aU3gfFspKxDNQvALk-uWDV31rn0SdmlfsgAfqOaO_JcSxgbCIr9AVsI0kPX4XB7UlFStgQRSSKgSFRvwcOUOVpZuwN1R0hW5NuRyZ_a2vfZEPh46PquuT41V4Su_yKDy6F34Q2J8JyD2Qagq9xF8JJxYU2ZcZGwChfKSG3xjRwDX1Slgg/bqHmj7DTs-5YttiOvk2NFlr-mStUO_j_8dr8GtCsWxY', 'filename': 'Sentinel-2_L2A-1683150019026041-timelapse.gif', 'size': 20277765, 'type': 'image/gif', 'thumbnails': {'small': {'url': 'https://v5.airtableusercontent.com/v3/u/48/48/1767441600000/y4dST0sfc6uGQkEr4gbPow/_lBDEEMx-FC9Dcs1qyTumPB7yH2qKikUdzkbPRdgwV6H_5PgDL9cEkaGxU3Ddwm23QDlJEjerlXoh73QkPlsRhOtoB8N8_iVIwFuWEsL6Gc_3m7vk1xd8xczF_ZOK7adxKoMP51jq0MNLJsOojucAg/ogC4wCuBsqtOaPRCofCCqv80X2DzROXOC271dd7n6Wc', 'width': 36, 'height': 36}, 'large': {'url': 'https://v5.airtableusercontent.com/v3/u/48/48/1767441600000/2awJ_MxytaKjUry5mvXwBQ/7ri1hAeQJUk3S1xnb3lRVhcz15KM8wmAaHFvGmCYoVWIcyCPLGJUdRs2OrOMKgKTIHTSmRWIX4wLklCy888RB6Sj6XeGRTMvPCwK9se2MnKjkj6R9y6kSUE-iwcfaYKfuWjl7IJIM2C7WzHhk5v0gQ/fuXpQElrSXhNHQxr1VFQlQouzj7zJvhIyFF_PBNqNsA', 'width': 512, 'height': 512}, 'full': {'url': 'https://v5.airtableusercontent.com/v3/u/48/48/1767441600000/fd5StQ5fiVcdS_OXpZASaA/nPQEwbKY7aXLUcd2_XVU8dX-gVTBB4UfqpNqv7tvzxTQsIF0xktncksXs9TrOhiGvRYTDXqonDQYJQaHtVDvL2X7JBHJ8Yf6KWcjjzDM8dCSukZ-7ycnhbpMmO0gMwTqd_WwfoLD_iK6W8JKSIRemw/P20SFDABsAcC98WMlbRQxgB-tOtrVhu1GtT9Ihis-SU', 'width': 512, 'height': 512}}}]","11110 State St, Omaha, NE 68142","41°20'15""N","96°05'09""W",Google Cloud #confident,Google DeepMind #likely,,,,109880.48057318594,189,6.049033625
Meta Hyperion Holly Ridge Louisiana,Meta Hyperion,Hyperion #confident,"[{'id': 'attPoJNtlpWTWBWiK', 'width': 273, 'height': 960, 'url': 'https://v5.airtableusercontent.com/v3/u/48/48/1767441600000/JpK1kz81EBv-oP6BVY3jIg/RRAw--sXkk415sm0aJhoo49bdy9I4oQkRFjqvm6qCztz6yOeKeoJAxWqV9VKG-4Ku7z3uJvdougebfYYH6izoQJqomoPPayV5RzN_qMm12pV5_516cN5vzcPmyspQvT4yo1a6ekxApvhAfdY-8RuvxKKNuVsIZVedngQ7YQBMXue85NFGRtw5KZH7pxCS6iSdR4817QcTzQZef_v4EXvRg/4Mrh4MP2SF3paRDqjCiJTILj11A--absjxfqtigzw-U', 'filename': 'Sentinel-2_L1C-1649603377990916-timelapse.gif', 'size': 6192555, 'type': 'image/gif', 'thumbnails': {'small': {'url': 'https://v5.airtableusercontent.com/v3/u/48/48/1767441600000/bzSd13vzuwvhfvHFocCaaw/Q6-Fbhx82zK2xdJA6Hywuf4rMDK9sQV-6v_JBlwhNa_mPuJ6D9wvcMuTiN_0Uo3nDOQ-DnMxmSHrsHhA9-CkVCgCJzV9hU8_A3fnRLMpa54WstgVWn644wdGE4OKLv3rNiE59eEDKAh9HdL6Dc7FdQ/Vw3BvJn5BophvZYNZ5h9373-1xZN2OrziNh2nn4P_fw', 'width': 10, 'height': 35}, 'large': {'url': 'https://v5.airtableusercontent.com/v3/u/48/48/1767441600000/aSgKYhpa2pnJkp3IPx0eoA/-eBI507TP6YkOsf-I4pWsXcWwBwKnalJPyW0OyBsOxWb-xICnhVPAmVQ3TGmYtZqNM16Nwsq24qipAkBQ6cszO9cyqSUatSaGjqJpbSOIEsnLpjpaBgPMdO3P7qfS6o2cGpRP2L1ELSkmwJOA-P0Xw/7BXZT84PZutYgAKoJpGAmrVdl8xOBf-KT5qs82kwrq4', 'width': 273, 'height': 960}, 'full': {'url': 'https://v5.airtableusercontent.com/v3/u/48/48/1767441600000/FnoBfi0dsCQoM_h9Mteaow/fxq9P4wkXk26WCU1NmCyVZWCdFrkxg_gkyE6qO1T0XVzx7jabykCbmyCvc2fqYXZ-3Xfi5HPftEnXyfAeccV2-CrS0H1gpqU-mDbBonKx9L_9rJyIMBiuZWrz4m6WaTqCl-sl6zKp6Lo7atxxYtHAA/KbNHMp-UDMsQVUm8H82Y1uPNzXK2LQ7Vpc77_6cG_H4', 'width': 273, 'height': 960}}}]","Holly Ridge, LA 71269","32°30'12""N","91°38'08""W",Meta #confident,Meta #confident,,Mortenson,Entergy,0,0,0
Meta Prometheus New Albany Ohio,Meta Prometheus,Prometheus #confident,,"1 Community Cir, New Albany, OH 43054","40°04'05""N","82°45'00""W",Meta #confident,Meta #confident,,,"Williams,American Electric Power",502625.46371206775,691,22.060000000000002
Microsoft Fairwater Fayetteville Georgia,Microsoft Fairwater Atlanta,Microsoft AI WAN #confident,"[{'id': 'attPFCSNHVyTfCaDu', 'width': 512, 'height': 512, 'url': 'https://v5.airtableusercontent.com/v3/u/48/48/1767441600000/SMoTjfh1ksxdn77P9-ArAw/w8ZkfAmSp6ruAZRCiAa9jLchTPywgzXL1TTaJGjvS7miNiT-7uHpPztQHpe2uexUyRD_F7eLI2Xr6Yt74YsfC2H2cEcwPiG84Gne0B870QywnkKmHN4g9qNbyuUL54eekjNGyVubkICWEkYAZNM-Q8EGf6SkB5xGAakZUqrBZSheb15dnRom8AL73mhQ8Vb-MpkJeP0fAn6O598ctf_n-A/YKMDjORTXhhw1uRoYO22gqg3bunmSEu0AFJEaYdfec8', 'filename': '5fps - Sentinel-2_L1C-1010116884113059-timelapse.gif', 'size': 14661906, 'type': 'image/gif', 'thumbnails': {'small': {'url': 'https://v5.airtableusercontent.com/v3/u/48/48/1767441600000/Gt8FAP6-WXwLzieK5lF_Qg/MKPm7LQZJnqvv039hExIq75oPYS6iylaNeq_bSFIvnSbk5ZKIaE-S7XyuLY3rzgpSkScQaDamZp3KduseEstWHCrpZl8sfT0ANsWMvzzvkD8FgpwAQzKJA0BzIDEErMbuYzIjSbxDnEL1x5lMSvtjg/wXmi_2rci-WCNocLW66FLkLuiQVy9q9FmMJvajMUBic', 'width': 36, 'height': 36}, 'large': {'url': 'https://v5.airtableusercontent.com/v3/u/48/48/1767441600000/t5NJrqIQypr8rato0-SJsA/ofNxmYcRqmWQHbHP2AwkSiw0x1ETzNj62MXBGjaEYmpy70fPk5Sf9yX7JN6djQ4b0zODF-jc5Ybxh07J8Qf2RE5spR-KlPrdEsLJjEmuo7WH8NS0ukM6Ddp_Way_RTpoZWoesd_vRtzVfbpxUC_RYg/FC3DA04qcxRl-UQFxdnXLJZ-80-ej5FcDDZchkf4W4g', 'width': 512, 'height': 512}, 'full': {'url': 'https://v5.airtableusercontent.com/v3/u/48/48/1767441600000/_g24_emyaPJUoL2SF-_XhQ/m2h16crY2NSHque6jrvohhgCVRLbPUgGoyjikNnRX6MyJQYP9AOUaC_VDDnT6EIDqN4ebx9jJSSjmzFpHqh3xB0xScQTa3WP-z9T1O0Wt4YhnLs_4UV1sTv1jjqmVJU8z2Uu1qFI1SS_knz59Ii6tA/479uNed6gVuGUOyIl3ApfCJIrwJZCFEN1JUZsNIH_GU', 'width': 512, 'height': 512}}}]","1435 Hwy 54 W, Fayetteville, GA 30214","33°26'55""N","84°31'20""W",Microsoft #confident,OpenAI #speculative,,,Georgia Power,531160.711498191,615,16.84
Microsoft Fairwater Mount Pleasant Wisconsin,Microsoft Fairwater Wisconsin,Microsoft AI WAN #confident,,"4800 90th St, Mount Pleasant, WI 53403","42°40'28""N","87°53'42""W",Microsoft #confident,"OpenAI #likely, Microsoft #likely",,,WE Energies,0,0,0
OpenAI-Oracle Stargate Abilene Texas,OpenAI Stargate Abilene,Stargate #confident,"[{'id': 'attDq6lXNtU4Y9lAw', 'width': 608, 'height': 431, 'url': 'https://v5.airtableusercontent.com/v3/u/48/48/1767441600000/V0TUq-L8sE4VO6pqDYyotg/Ix3oWBDXxJ8vC_IWWSXSt37ZM3m30u-boj8-wPRkobMXO2i1NQ7QJSuMeBt_vWOxWkUR76vk_71pJmKgO0skDSD-tk2MUrKUEfOXnukRF_wbqiuWNlgQov9DEJLYNBmDWOUdFQB7BPLBx1HV2vEkTk2Qd6fPTFLYg9CcuvWY5BcUptIfS0xgejPDIiVbmrNCK1FSvpGaQ9dpNFS2n7zEgQ/C-RS94o669mzUSH_gb98o8UoqRkznp0U0A3MQQ5Z1H0', 'filename': 'Sentinel-2_L1C-217626431371950-timelapse.gif', 'size': 22469687, 'type': 'image/gif', 'thumbnails': {'small': {'url': 'https://v5.airtableusercontent.com/v3/u/48/48/1767441600000/Mi6A8Y3KQc4wcrvpMk_rJg/kszXtcRHtlqVxiTp_ciaO8BvLYVhZuN5vZPEje5oIGoDx47zkBZjbtLjIZ0NQkkc-850mGteIVw86n7TbLyDKEemXnNp2RcMcXPB5TrFF9UFC69dD8zeyQL659jAz9wAXyhYh0UQUqLaVzfa8oX4OQ/MxJHHThi3CywdoDb6I0HZ3HQP2kj_K3mhd89QaxIIZY', 'width': 50, 'height': 36}, 'large': {'url': 'https://v5.airtableusercontent.com/v3/u/48/48/1767441600000/QKUjryYQstPuV_nzTlkJKQ/T0nS4zStEyS8PERzzVSWFdJXtDMDsxcBFCFhn7d3_UxXsNebGNLbTTxO6ZvtdYCLW7Be53A4YxX-Y318nVMDHR977lxtsf-wHR6lS7h7H57k18lVLT7u6_kRtM9D3HRnOSrLyRBv7NP_SNZtuV8_ZQ/q41kqyyrhFixBL3nUo_HAHkrjBdAnFRy8UTfO1y53cc', 'width': 608, 'height': 431}, 'full': {'url': 'https://v5.airtableusercontent.com/v3/u/48/48/1767441600000/on2-sJROa4CY_wnp_2qVZA/6vp6jJGmF6DUBPdpghanSih6jFJ1RdWJOeB0-GSCprotr9K4LsE4RSg84OEt2BtVmXVESz-50SHrpEeTqnrsEMCS46agAnJYT4Cz00tg3Wex55Eg-_-fjNaXUNskpI8T88RAVIx6YKEu5TYzApQOfA/n-YXG_ajh0i_FKkA6p8M13sCWbt-BIzYWZj8esw6tb8', 'width': 608, 'height': 431}}}]","5502 Spinks Rd, Abilene, TX 79601","32°29'59""N ","99°47'02""W",Oracle #confident,OpenAI #confident,"Softbank,OpenAI,Oracle","Crusoe,Mortenson",American Electric Power,254674.07781707932,295,8
xAI Colossus 1 Memphis Tennessee,xAI Colossus 1,,"[{'id': 'att4TZcQgjPW9VwQP', 'width': 512, 'height': 512, 'url': 'https://v5.airtableusercontent.com/v3/u/48/48/1767441600000/Z9WoP__N7iePjkkYgod_rQ/jFOgVNsx3zdLaoe1clxR48L2GDUspLCJ2ok3BK5pTi6XKXMErfsBH4rhJbRV9M60La68pM3QV3LLy3qqgQupC__h5KM2m0i976S1gzPCp4POWfL48nGWRQUQ3hnHM4IrhJHwb9QtdJNzxvFs9ESup1JBBqvcmWBXit8ufDjWx1doL3dS-Y6k5wDPERBd7X-qR-HijjaA96zGD4-_mkrFOg/TqaMYY4pOjH52CWDlxd_mr4owb8YOQb3i2CkqNj24vc', 'filename': 'Sentinel-2_L2A-803596391524862-timelapse.gif', 'size': 5343640, 'type': 'image/gif', 'thumbnails': {'small': {'url': 'https://v5.airtableusercontent.com/v3/u/48/48/1767441600000/xHVmg6atGWUUa5CINKRnHA/ryxJRa5VSbA5Ex27FWdL9AVF5cGARu3-LcKYCVv2a4LYizV6eotAm7j4-PB2GjSTKKAVEGEchunlGovJ7WjFU1m3wnD4mMrvJNF8Ou3ILeb2o-cqXNQV7M5YGZPK_Xs-okQSEq9GtWmCS-j_w7-Z-g/yK80LspK8N3LTziS2iJuelDvRCmI0ajlwni2xjGohRA', 'width': 36, 'height': 36}, 'large': {'url': 'https://v5.airtableusercontent.com/v3/u/48/48/1767441600000/VFJZd0JTxLvB_f-gOBY5DA/qgSVmsMBPdJ0law95MWuWaBfiRlvOZcvl_0pdIdzhviQPoROM8a1Hr_bKqFk4-NYkok5CTwf3hmVWiYiL4JNq43RlSbEiyMJdFS_QyJWpNs6hrxhbclQOWnOPyxgk_T0wGD8TpKfmk4dZ12xTQ5TEw/99WhK607J-wNiIabsQL7c45ZYeHenSdkTvOOqdAj_6I', 'width': 512, 'height': 512}, 'full': {'url': 'https://v5.airtableusercontent.com/v3/u/48/48/1767441600000/Ni14zBk6EUYZgKaMuMV22A/lytVeKwkbTgfqJiV2j8KxGRQ44ua1-erti08eZhEeMBxD2AuL9uFFVI_RwZuodzAq4JlJTAtEzmXq4b4rWlrz6Xd8X-mQLhS8BUgsRih04hs-r7iny57h7GhwSY1-mbr913TQbh-cZCsRldTg4Csaw/Uj1rkAI4WbjEh5XDH8dDxDQluc6rldPdsmeqIIq5PmU', 'width': 512, 'height': 512}}}]","3231 Riverport Rd, Memphis, TN 38109","35°03'35""N","90°09'23""W",xAI #confident,xAI #confident,,,MLGW,275795.85649317835,498,15.12
xAI Colossus 2 Memphis Tennessee,xAI Colossus 2,,"[{'id': 'attE27UVVSoaDgHy4', 'width': 512, 'height': 512, 'url': 'https://v5.airtableusercontent.com/v3/u/48/48/1767441600000/U441Bes-qEglUlGwaOOPQg/ePB_V4Z6enLk1WMN-imKYX4Js-iczZPStPr_n943r74vFiprTCl3xT2B5WjeoZrxAKy0vTaes439lOE9o0WECFK6eplaJKur5WBtJBB9WJyCFA1bcVNvm1vmEnzG88WbwlNNZLZgTJ6RHhuHWQQjA_ztowT1bkxlwfiPWuTLq_Hk_lpjqytFfeMx6EOyifwr-4M0POiQPJ-F7NCnjack_g/pJZ1Qv5nG1fYTqMAyorWaMpBHPmVHq7BB_D6tmNTvdY', 'filename': 'Sentinel-2_L2A-1748790934140362-timelapse.gif', 'size': 3226205, 'type': 'image/gif', 'thumbnails': {'small': {'url': 'https://v5.airtableusercontent.com/v3/u/48/48/1767441600000/crI_5qJQf8O6uBWP0wHB7Q/UEO2fORAtC39LR-OtGdXMhkd6QN-2NfA2UbYL1EKuzDdFxXSqpFgpiZ4CKASk4uWSP80cfCU7iV_Z3_2EknDeb8pDkQHoickXTZCFx5FC5MAxJgy8xrC5mZvFzx9D1G9uBhCUhhU3SB5IwXyic4b9A/UHQgicMTGQ-3oWUf80Yo2RAYGVZAoSbUB59zvxPv2As', 'width': 36, 'height': 36}, 'large': {'url': 'https://v5.airtableusercontent.com/v3/u/48/48/1767441600000/QDPh_xyQddk52SLzb9pE2g/CxhpPv0DHLcieFOn51vtyyMrBmGHV-9h3jwGCv-YTaBZntTD4EESf05Rg0bVKZjrZyeaMzVWRo0F4rUkLDRUsA8_gHpAbm6phVkuVyfEXbarNbqIVhxaHIDHuzdO8uECLLLdgV88sc3EPyxwNidp3g/FkIgGI5Mci_9u2yPYyRiitpULFKWFeWzyoHmr42yneo', 'width': 512, 'height': 512}, 'full': {'url': 'https://v5.airtableusercontent.com/v3/u/48/48/1767441600000/XQuYiWAuiKPdATreFMuDxQ/2dZ2p95FxXSUHDyeM2ZeZEjdPc6NSqhhvIcSnW96D3EL13bCRyXHzHUWzmWLVtlpfsUVEIQXnBzeEaCMGJPk3fDkhTfspyT8srJkNFwzHPevHR-NN4lxev1Oe4MLrURwNHTGHVBR2iA0_K60U9lIlw/ghKBnuPdq9tcVVzaL37KT9QIVWyO5FcB0jvSSP5jJv0', 'width': 512, 'height': 512}}}]","5420 Tulane Rd, Memphis, TN 38109","34°59'45""N","90°02'05""W",xAI #confident,xAI #confident,,,,277918.1404749874,276,8.807369999999999
Alibaba Zhangbei Zhangjiakou Hebei,Alibaba Zhangbei,,,"Alibaba Zhangbei Yun Calculation Data Center, Zhangbei County, Zhangjiakou, Hebei, China, 076471","41°11'6.6732""N","114°42'1.6272""E",Alibaba #confident,Alibaba #likely,,,,154691.9804593229,432,13.781084499
OpenAI-Oracle Stargate Abu Dhabi,OpenAI Stargate UAE,Stargate #confident,,"Nexus L&T Project Office, Al Bihouth, Al Dhafrah, Abu Dhabi, United Arab Emirates","24°9'15""N","54°26'39""E",G42 #likely,OpenAI #confident,"Softbank,Oracle,NVIDIA,Cisco,G42",Khazna,,0,0,0
Coreweave Helios Afton Texas,Coreweave Helios,,,"984 County Road 112, Afton, TX 79920","33°46'27""N","100°52'08""W",Coreweave #confident,Microsoft #speculative,,Galaxy,,0,0,0
